CustomerID,Customer_Name,Email,Gender,Age,City
C0001,Brian Thompson,katrina73@hotmail.com,F,32,Delhi
C0002,Shaun Ross,brenda90@yahoo.com,M,45,Ahmedabad
C0003,Sarah Snyder,wrightrebecca@hotmail.com,F,52,Mumbai
C0004,Jay Briggs,qpatton@gmail.com,F,44,bengaluru
C0005,Maria Blake,anthony71@lee.info,F,29,hyderbad
C0006,Samuel Miller,christopherholloway@gmail.com,M,45,Mumbai
C0007,John Mclean,qjackson@yahoo.com,M,20,Ahmedabad
C0008,Dr. Kathryn Bass PhD,jeffreycisneros@pitts.com,M,26,Bangalore
C0009,Marie Fisher,phamanna@hotmail.com,F,34,Ahmedabad
C0010,Dale Perry,jorgemcmillan@black.com,F,40,Bangalore
C0011,Oscar Turner,thomas85@thompson.com,F,38,Pune
C0012,Jacob Sanchez,fsmith@hotmail.com,F,40,Delhi
C0013,Valerie Hampton,vincent23@hunt.com,M,22,Ahmedabad
C0014,James Delgado,ithomas@chambers.com,M,47,Pune
C0015,Richard Hood,davidwiggins@wiley-cardenas.com,M,21,Hyd
C0016,Julie Fox,kmurray@gmail.com,M,44,Ahmedabad
C0017,Valerie Garner,sharplisa@lewis.com,M,33,Hyderabad
C0018,Alejandro Johnson,woodjoshua@martin.com,M,52,Mumbai
C0019,Andrew Washington,abrooks@james.info,F,18,bengaluru
C0020,Mark Allison,shawn40@armstrong.info,M,45,Ahmedabad
C0021,Russell Eaton,mcmahonheather@hotmail.com,F,18,Pune
C0022,Amber Bowman,zfreeman@hotmail.com,M,25,bengaluru
C0023,Lauren Jensen,howardrichards@yahoo.com,F,18,Pune
C0024,David Arnold,gpierce@hotmail.com,F,31,Mumbai
C0025,Thomas Long,ybeltran@yahoo.com,F,54,Delhi
C0026,Christine Reed,lisa38@rosales-wilson.org,M,32,Bangalore
C0027,Colton Baxter,crystal71@fischer.com,M,39,Ahmedabad
C0028,Rebecca Dorsey,brendaoliver@hoffman-ruiz.com,M,58,hyderbad
C0029,Felicia Orozco,michael53@hotmail.com,F,23,hyderbad
C0030,Terry Anderson,ohampton@king.com,F,37,Mumbai
C0031,Brandi Jones,christopher24@gmail.com,M,60,Hyd
C0032,William Williams,jessica11@yahoo.com,M,51,Bangalore
C0033,Kim Harris,mchandler@simpson.info,M,26,Delhi
C0034,Jonathan Neal,amcclain@yahoo.com,M,50,Hyd
C0035,Nathan Stewart,vbond@yahoo.com,F,57,Delhi
C0036,Joshua Thomas,adrianhood@yahoo.com,F,50,Ahmedabad
C0037,Connie Cunningham,wellszachary@hotmail.com,M,30,Ahmedabad
C0038,Amy Martin,patriciafarrell@turner.com,M,31,Ahmedabad
C0039,Courtney Riddle,carla45@hotmail.com,F,19,bengaluru
C0040,Ashley Ramirez,robertsongarrett@hotmail.com,F,44,Hyd
C0041,Angel Nelson,hensondawn@cruz.info,F,53,Ahmedabad
C0042,Teresa Chavez,patrickfrederick@hotmail.com,M,25,Ahmedabad
C0043,Richard Williams,tonihensley@miller.com,M,19,Pune
C0044,Deborah Walker,codygray@joseph.com,F,45,Ahmedabad
C0045,Elizabeth Williams,ethan66@dixon.com,M,51,bengaluru
C0046,Connie Mills,terrygarcia@thomas.com,F,44,Hyd
C0047,Charlotte Cook,rrobertson@gmail.com,M,42,Delhi
C0048,Matthew Thompson,courtneypatterson@lewis.com,M,21,Hyd
C0049,James Hughes,jmalone@shaffer.com,F,37,Delhi
C0050,Kimberly Anderson,elijahjones@campbell.com,M,60,Mumbai
C0051,Matthew Schmidt,batesrobert@yahoo.com,F,57,Pune
C0052,Eric Wilson,mary18@hotmail.com,M,43,Delhi
C0053,Zachary Ramos,catherinehood@gmail.com,M,41,Bangalore
C0054,Debra Pollard,braunheather@johns.com,M,25,Delhi
C0055,Angela Martinez,kharris@merritt.net,M,47,Pune
C0056,Brett Burch,oherrera@oliver-owens.org,F,24,Pune
C0057,Jennifer English,justinkrause@vasquez.net,F,21,Mumbai
C0058,Penny Campbell,cathy25@martin.com,M,31,Pune
C0059,Karen Garcia,ryan47@gmail.com,M,55,Pune
C0060,John Ramos,brownsteven@gay.com,M,48,Delhi
C0061,Dylan Roberson,dennis17@yahoo.com,M,53,Pune
C0062,Kelsey Reyes,yrussell@hotmail.com,F,37,Mumbai
C0063,Larry Gibson,xlee@rogers.net,F,33,Pune
C0064,Kristin Ho,erica69@yahoo.com,F,37,bengaluru
C0065,Jessica Johnston,zachary81@richardson.com,F,20,bengaluru
C0066,Amanda Parker,omitchell@yahoo.com,F,42,bengaluru
C0067,Joshua Figueroa,luismoore@henderson-gray.info,M,38,Delhi
C0068,Julie Howard,brittanyvazquez@yahoo.com,M,53,bengaluru
C0069,Brandon Lin,whitepaul@cohen.biz,M,38,Ahmedabad
C0070,Anna Allen,brittany11@kirk.info,F,56,Delhi
C0071,Kimberly Ho,laura26@richmond-gonzalez.com,F,52,Hyd
C0072,Nancy White,rscott@brown.com,M,33,Delhi
C0073,Eric Salazar,kimberly45@hotmail.com,M,38,Bangalore
C0074,Michael Williamson,sowens@moore.com,F,22,Pune
C0075,Lynn Morales,osbornechad@gmail.com,F,34,Hyderabad
C0076,Jennifer Horn,ubridges@hotmail.com,M,21,Pune
C0077,Lori Preston,fbaird@yahoo.com,F,59,Bangalore
C0078,Gabriel Parrish,omoore@harrison.net,M,51,Hyderabad
C0079,Debbie Raymond,parksisabel@farmer.com,M,30,Pune
C0080,Cheryl Clark,mary36@yahoo.com,M,20,Hyd
C0081,Laura Thompson,evansjoseph@black.biz,F,35,Mumbai
C0082,Mary Lin,gailschwartz@york.com,M,52,Hyd
C0083,Nicholas White,ballardcameron@hotmail.com,M,36,Bangalore
C0084,Timothy Farmer,jroberts@woods.com,F,29,Pune
C0085,Kevin Martinez,james86@yahoo.com,M,59,Pune
C0086,James Martinez,alyssa79@williams.net,F,49,Pune
C0087,Douglas Nelson,ashleysimmons@moore-mayer.org,F,59,Bangalore
C0088,Thomas Ramirez,williamwood@myers-brown.org,M,55,Mumbai
C0089,David Faulkner,williamthomas@hotmail.com,F,56,Pune
C0090,Dennis Ross,heathercruz@gallegos-smith.com,M,21,Mumbai
C0091,Heather Arnold,evansmark@hotmail.com,M,44,Ahmedabad
C0092,David Bridges,smithapril@hotmail.com,M,33,Delhi
C0093,Jennifer Keller,wangjonathan@bell.com,M,59,Pune
C0094,Amanda Myers,dfoster@hotmail.com,F,48,bengaluru
C0095,Betty Middleton,brianna26@little.com,F,44,Mumbai
C0096,Laura Porter,richard38@yahoo.com,F,23,Mumbai
C0097,Carla Phillips,chasealexander@yahoo.com,M,41,Hyderabad
C0098,Amber Smith,sierrareyes@yahoo.com,M,26,Mumbai
C0099,Diana Jones,tanner95@gmail.com,M,26,Ahmedabad
C0100,Valerie Walker,tina21@hotmail.com,F,22,Pune
C0101,Daniel Brown,xtorres@hotmail.com,F,54,Hyd
C0102,Stephen Smith,tarasmith@smith.com,M,59,Pune
C0103,Kimberly Walter,idavis@garcia.com,M,21,Hyd
C0104,Brandon Webb,lpatterson@yahoo.com,M,21,bengaluru
C0105,Andrew Moreno,danderson@gmail.com,F,32,Ahmedabad
C0106,Willie Smith,michaelford@malone-huffman.com,F,52,Ahmedabad
C0107,Evelyn Allison,brenda79@yahoo.com,F,42,Pune
C0108,Elizabeth Hood,ireyes@yahoo.com,M,56,Delhi
C0109,Nathaniel Thomas,howardsarah@hotmail.com,F,50,Mumbai
C0110,Nicole Evans,bbrooks@gmail.com,M,45,hyderbad
C0111,Michael Velasquez,amandacampbell@johnson.net,F,29,Mumbai
C0112,Tammy Gonzales,oharrell@hotmail.com,M,42,Ahmedabad
C0113,Sherry Shepard,bbecker@hotmail.com,F,28,Mumbai
C0114,Derek Edwards,kmcneil@castro-williams.com,F,21,Ahmedabad
C0115,Robert Williams,david20@yahoo.com,M,48,Delhi
C0116,Carolyn Nelson,susanfletcher@turner.info,M,19,Ahmedabad
C0117,Olivia Jones,jamescardenas@soto-bean.org,F,18,Delhi
C0118,Molly Johnson,melissa73@yahoo.com,F,48,bengaluru
C0119,Jose Jackson,obrienstacey@gmail.com,M,51,Bangalore
C0120,Elizabeth Vega,owade@gmail.com,M,25,Mumbai
C0121,Angelica Gonzalez,jamiehodge@gmail.com,F,39,Ahmedabad
C0122,Henry Parker,ismith@yahoo.com,M,52,Pune
C0123,Jennifer Lee,danielsdonald@hoffman.com,M,60,Mumbai
C0124,Michael Clarke,morganjim@mosley.com,F,36,Ahmedabad
C0125,Jessica Gibson,ipena@hotmail.com,F,59,Ahmedabad
C0126,Jason Turner,aliciareese@yahoo.com,M,60,Delhi
C0127,Grant Munoz,kimberly08@yahoo.com,F,39,Pune
C0128,Rhonda Ray,wmurphy@steele-mcmahon.com,F,18,Ahmedabad
C0129,Susan Anderson,michaelmcintosh@novak.info,M,19,Hyd
C0130,Miranda Thomas,kevindavidson@hotmail.com,M,31,Mumbai
C0131,Samuel Miller,vincentmoore@hotmail.com,M,49,Delhi
C0132,Grace Chavez,carsondaniel@black.biz,M,42,Delhi
C0133,Andrew Carlson,cynthia78@yahoo.com,F,19,Delhi
C0134,Erin Williams,matthewsmatthew@gmail.com,F,44,Ahmedabad
C0135,Melissa Jenkins,williamscharles@leonard.info,F,55,Delhi
C0136,Ronald Ballard,tmiller@chang.net,F,41,Mumbai
C0137,Danielle Johnson,thomas25@grant.com,F,53,Mumbai
C0138,Jason Moore,dstevens@yahoo.com,M,59,Delhi
C0139,Thomas Freeman,brownaaron@wood.net,F,45,Hyderabad
C0140,Katherine Reyes,cjohnson@hotmail.com,F,60,Bangalore
C0141,Dawn Smith,rlove@young.biz,M,23,Hyderabad
C0142,Sarah Pacheco,julia89@gmail.com,M,42,Delhi
C0143,Daniel Alvarez,holly90@gmail.com,F,41,Hyderabad
C0144,Bernard Ramirez,richard04@kennedy.com,F,55,Bangalore
C0145,Mrs. Julia Ramirez,stacy08@ward.com,F,33,Mumbai
C0146,Jorge Anderson,jason68@baker-ward.info,M,45,hyderbad
C0147,Jacqueline Jenkins,lisasalazar@gmail.com,M,36,Pune
C0148,Tracy Miller,maldonadobeverly@robles.com,F,44,Delhi
C0149,Travis Lopez,eclark@yahoo.com,M,47,Mumbai
C0150,Steven Ortiz,mhernandez@johnston-kim.com,M,56,Hyderabad
C0151,Brittany Robinson,samanthaburns@alexander.org,M,35,Ahmedabad
C0152,Joseph Allen,pbrooks@mccoy.org,F,56,Pune
C0153,Matthew Deleon,wtownsend@gmail.com,F,34,Pune
C0154,Julia Evans,xrobinson@gmail.com,F,25,Delhi
C0155,Robert Parks,drewhart@mcbride.com,F,60,Bangalore
C0156,Sean Small,donnaglover@yahoo.com,F,55,Mumbai
C0157,Jacob Moore,ericwood@coleman-patterson.info,M,57,Delhi
C0158,Dean Allen,bsmith@mooney-morrison.com,F,30,Ahmedabad
C0159,Vicki Jackson,rileypatricia@yahoo.com,M,39,Delhi
C0160,Robert Knox,wagnerlisa@allison.com,F,20,Ahmedabad
C0161,Ruben Oconnell,kristie62@watkins.org,M,26,Hyderabad
C0162,Laura Gallegos,wpacheco@yahoo.com,M,42,Mumbai
C0163,Christopher Harvey,bcunningham@morris.com,F,25,Mumbai
C0164,Scott Hampton,qmason@yahoo.com,F,34,bengaluru
C0165,Steven Ingram,janehancock@yahoo.com,F,25,Hyderabad
C0166,Joshua Jones,luke99@zavala.com,M,40,bengaluru
C0167,Jennifer Johnson,jeremy98@wallace.org,M,29,Ahmedabad
C0168,Robert Evans,alison61@yahoo.com,M,40,Bangalore
C0169,Eugene Olson Jr.,ronald61@hotmail.com,F,32,hyderbad
C0170,Kristine Sexton,morrowmarcus@gmail.com,M,23,Pune
C0171,Marc Hull,ilopez@yahoo.com,F,35,Delhi
C0172,Richard Johnson,owood@hotmail.com,F,35,Pune
C0173,Diane Davis,whitney83@hotmail.com,F,38,Hyd
C0174,Shaun Bush,jameslewis@kelley.com,M,44,bengaluru
C0175,Tiffany Flores,stoneeric@becker.org,F,38,Bangalore
C0176,Ashley Brown,pholloway@ballard.com,M,50,Ahmedabad
C0177,Bailey Williamson,yblair@hotmail.com,F,38,Mumbai
C0178,Elizabeth Torres,martinezricky@hoffman.info,M,24,Ahmedabad
C0179,Joshua Anderson,kimberlysmith@lopez.com,M,43,Hyd
C0180,Kevin Allen,teresakline@orozco.com,F,40,Mumbai
C0181,Michelle Moore,fgreene@lopez-ford.org,M,46,Hyderabad
C0182,John Barber,thopkins@guzman-cox.com,F,28,Mumbai
C0183,Andrew Mclaughlin,terri33@yahoo.com,M,23,Pune
C0184,Sherry Ward,hamptonnancy@ho.com,M,55,Delhi
C0185,Craig Farrell,frenchmark@rodriguez.com,F,37,Delhi
C0186,Stacy Brady,stacey19@yahoo.com,F,46,Delhi
C0187,Daniel Patton,rachel55@reed.org,M,49,Bangalore
C0188,Karen Smith,taylorbailey@gmail.com,F,31,Mumbai
C0189,Maria Morrow,peterosborne@bradley-sanchez.net,F,31,Bangalore
C0190,Elizabeth Johnson,smithjenna@esparza-phillips.biz,M,24,Ahmedabad
C0191,Antonio Boyd PhD,potterjohn@wolf.com,M,31,Pune
C0192,John Tucker,roy18@morgan.biz,M,28,Mumbai
C0193,Steve Mann,gabriellevelazquez@yahoo.com,F,59,Hyd
C0194,Christine Lopez,kwebb@dennis-harris.com,M,53,Pune
C0195,Stephanie Booth,vanessa82@burnett.biz,M,38,Ahmedabad
C0196,Christine Rodgers,stephenwalter@wolfe.com,F,28,Mumbai
C0197,Michael Hawkins,kyle86@frost-cannon.biz,M,59,Hyd
C0198,Dean Jimenez,kwilliams@buckley.info,M,45,Hyderabad
C0199,Jacqueline Erickson,ryan86@schultz.com,M,54,Delhi
C0200,Jade Chavez,carrollbrandon@hotmail.com,M,24,Bangalore
C0201,Laura Green,hsmith@cooper-brown.info,F,40,Hyd
C0202,Crystal Hayes MD,rachel09@smith.net,F,46,Pune
C0203,Amy Walker,barneskatherine@hotmail.com,M,60,bengaluru
C0204,Amy Gonzales,suzannehuynh@hotmail.com,F,46,Hyd
C0205,David Parker,shermanjames@stephenson.com,M,46,Pune
C0206,Jennifer Williams,michael01@hotmail.com,F,41,Delhi
C0207,Charles White,dylan14@hotmail.com,F,45,hyderbad
C0208,Jerome Richardson,franksilva@gmail.com,M,22,Ahmedabad
C0209,Jean Yoder,phillipsjoseph@fisher-estrada.com,M,42,Mumbai
C0210,Theodore Yang,samantha02@hotmail.com,F,20,Ahmedabad
C0211,Rebecca Grant,donaldsonjeffrey@gmail.com,M,52,Delhi
C0212,Kelli Young,zimmermanmegan@gmail.com,M,33,Ahmedabad
C0213,Bradley Quinn,pacejacqueline@griffin.com,F,34,Hyd
C0214,Darrell Reynolds,vgonzalez@gonzalez-schneider.com,M,25,Ahmedabad
C0215,Alicia Hernandez,lindseyrodriguez@gmail.com,M,46,Hyd
C0216,Melanie Hoffman,jjackson@long.com,F,27,Ahmedabad
C0217,Benjamin Dunlap,johnolsen@montgomery-pham.com,F,54,Delhi
C0218,Cheryl King,ryan50@yahoo.com,M,45,Delhi
C0219,Jamie Alexander,rwhite@hotmail.com,F,37,Hyd
C0220,Kayla Crawford,timothyking@todd.info,F,47,bengaluru
C0221,Amber Rivera,mooredaniel@mckenzie.com,M,25,bengaluru
C0222,Cody Mitchell,richard98@hotmail.com,M,51,Mumbai
C0223,Karen Pennington,diana22@hotmail.com,M,41,Pune
C0224,Nicholas Thompson,ronaldanderson@rivers.com,F,38,hyderbad
C0225,Shelby Lewis,garywilliams@yahoo.com,F,18,Ahmedabad
C0226,Gregory Flores,stephensdominic@yahoo.com,F,31,Bangalore
C0227,Jeffrey Haynes,codyblair@meadows.com,F,30,Ahmedabad
C0228,Antonio Moses,jonathan46@lawrence.com,F,27,hyderbad
C0229,Dr. Adam Schultz,cynthiabaker@gmail.com,M,22,Pune
C0230,Allen Burton,prodriguez@yahoo.com,F,53,Delhi
C0231,Adam Bennett,scott79@yahoo.com,M,57,Hyderabad
C0232,Ashley Stevens,hthomas@diaz-hernandez.com,F,29,Pune
C0233,Sierra Miller,brianrogers@gmail.com,F,39,Mumbai
C0234,Katie Garcia,jason19@morris.com,M,22,Bangalore
C0235,Timothy Goodman,jacksonrobert@yahoo.com,F,26,Pune
C0236,Rebecca Drake,aaron04@yahoo.com,M,52,Hyderabad
C0237,Juan White,jensenwesley@perez-miller.com,M,54,hyderbad
C0238,Matthew Holloway,tyler05@bryant.com,F,46,Pune
C0239,Scott Weeks,larryhill@hicks-myers.com,F,45,Pune
C0240,Karina Davis,tarabush@gmail.com,F,44,Delhi
C0241,Melanie Ramirez,ehanson@hotmail.com,M,51,Bangalore
C0242,Caroline Thomas,halljordan@torres.com,M,19,bengaluru
C0243,Pamela Navarro,davisjared@gmail.com,F,36,Pune
C0244,Jack Mccoy,zwilson@gmail.com,M,24,Ahmedabad
C0245,Ashley Walker,mario27@hotmail.com,M,52,Ahmedabad
C0246,Christopher Mcknight,morgan05@crosby-reid.com,M,53,Delhi
C0247,Dr. Derrick Scott,hhayes@hotmail.com,F,53,Hyd
C0248,Jared Tate,olsondeborah@taylor.com,M,55,Hyderabad
C0249,Edward Morgan,williamskyle@ward-willis.com,M,37,Mumbai
C0250,Tim Bauer,martineznancy@oconnor-mora.info,F,41,Pune
C0251,Anthony Lee,lwilkinson@evans.net,M,31,Delhi
C0252,Hailey Sullivan,jamesrodriguez@thompson-marsh.com,M,46,Pune
C0253,Brandy Clark,jennifermiller@yahoo.com,M,34,Mumbai
C0254,Carlos Anderson,michaelmiller@gmail.com,F,59,bengaluru
C0255,Michael Henson,eparks@smith.com,F,45,Mumbai
C0256,Kim Campos,ronaldanderson@hotmail.com,M,50,Hyd
C0257,Janet Cooley,charlesmason@jennings.biz,F,57,bengaluru
C0258,Mr. Matthew Gomez DDS,megan89@simon.org,M,32,Ahmedabad
C0259,Shane Gomez,ejones@hotmail.com,M,30,Delhi
C0260,Tyler Haney,frankgabriel@hotmail.com,F,33,Ahmedabad
C0261,Lindsay Haney,garysmith@mcdonald.com,M,42,Delhi
C0262,Manuel Prince,taylordavid@hotmail.com,M,33,Delhi
C0263,George Gray,kellie12@winters-morris.com,F,21,bengaluru
C0264,Ryan Graves,nathan89@williams-wilson.biz,F,44,Delhi
C0265,Ernest Myers,achung@dorsey.com,F,31,Delhi
C0266,Brandi Lang,jackie51@jackson-velasquez.biz,F,60,Hyd
C0267,Gloria Barnett,andersonelizabeth@yahoo.com,M,38,Delhi
C0268,Sarah Andrews,ghall@yahoo.com,M,57,Delhi
C0269,Sonya Martinez,fwilliams@jones-king.com,M,54,Pune
C0270,Brittany Harris,vpage@gmail.com,M,48,Mumbai
C0271,Vanessa Kelley,kristina74@lee.com,F,45,Hyd
C0272,Robert Gonzalez,jchaney@martinez.com,M,21,Bangalore
C0273,Angela Taylor,perezthomas@chang.info,F,25,Hyd
C0274,Bradley Myers,patrick84@gordon.com,M,37,Hyd
C0275,Russell Love,kmiller@thomas-walker.com,F,33,Ahmedabad
C0276,Kelly Wong,hjensen@green.com,M,60,bengaluru
C0277,Erin Wright,luis71@rivera.com,M,49,Mumbai
C0278,Michael Coleman,ryanherman@lamb.com,M,50,Delhi
C0279,Jessica Kirby,jonescrystal@gmail.com,M,41,Delhi
C0280,Laura Romero,goodwinheather@gmail.com,F,58,Ahmedabad
C0281,Joseph Joseph,andrew14@smith-good.org,F,59,Ahmedabad
C0282,Christopher Ferguson,benitezstacy@yahoo.com,M,27,Mumbai
C0283,Kevin Hunter,charles68@hotmail.com,F,42,Mumbai
C0284,Kelly Gray,pperry@ortiz-miranda.biz,M,40,Hyderabad
C0285,Carlos Walsh,elizabethobrien@williams.net,M,23,Hyd
C0286,Deborah Mckee,lisaelliott@roberts-hill.org,F,29,Delhi
C0287,Andrew Harmon,keyjacqueline@gmail.com,F,51,Mumbai
C0288,Todd Hall,sjones@yahoo.com,F,40,bengaluru
C0289,Danny Gilbert,lisa43@porter.com,F,33,Delhi
C0290,Lauren Johnson,belindabyrd@hotmail.com,F,33,Mumbai
C0291,Katherine Parsons,lindsayrollins@yahoo.com,F,48,Delhi
C0292,Jason Calhoun,brentstokes@chambers-banks.com,M,31,Hyd
C0293,Amy Howard,claudia09@gonzalez.info,M,26,Mumbai
C0294,Cindy Hall,richardterry@gmail.com,M,43,hyderbad
C0295,Jeff Hernandez,mckenzie93@gmail.com,M,23,Delhi
C0296,Tiffany Maxwell,melissamccoy@romero-harris.org,F,57,Bangalore
C0297,Lori Orozco,christopher17@lamb.com,M,40,bengaluru
C0298,Sharon Combs,sweeneyfelicia@yahoo.com,M,29,Delhi
C0299,Dylan Newton,stephen32@avila.biz,F,29,Ahmedabad
C0300,John Levine,hogansamantha@morrison.com,F,52,hyderbad
C0301,Latoya Johnson,rivasjacqueline@gmail.com,F,35,Delhi
C0302,Caroline Turner,rkent@yahoo.com,M,28,Hyd
C0303,Adam Bryan,cookbrian@hotmail.com,F,53,Ahmedabad
C0304,Laura Smith,fstewart@hotmail.com,M,25,Pune
C0305,Timothy Potter,owenshailey@ibarra.biz,M,20,Mumbai
C0306,Kelsey Stein,kevinwebster@ramos.com,F,40,Delhi
C0307,Aaron Johnson,jonesbryan@yahoo.com,F,28,Ahmedabad
C0308,Amber Lee,ereyes@hotmail.com,M,24,Ahmedabad
C0309,Michael Joseph,perezheather@parsons.com,F,53,Mumbai
C0310,Tina Brown,paul56@johnson-edwards.com,M,56,Pune
C0311,Thomas Smith,rwalker@reed-fisher.com,M,42,Pune
C0312,Jennifer Watson,frydarren@yahoo.com,M,41,Mumbai
C0313,Wendy Garcia,coxcynthia@gomez.org,M,60,Pune
C0314,Sean Pope,ann34@gates.com,M,40,Pune
C0315,Brad Mccarty,hjohnson@hotmail.com,F,28,Hyderabad
C0316,Mark Gonzales,robert36@hotmail.com,M,38,bengaluru
C0317,Theresa Wiggins,nealderek@gmail.com,F,37,Pune
C0318,Mitchell Gomez,jbell@moore-moran.com,F,59,Mumbai
C0319,Tony Reynolds,ryan88@moore.org,M,52,Pune
C0320,Kristine Byrd,pamela68@gmail.com,F,55,Ahmedabad
C0321,Mark Murray,robert52@smith.com,M,19,Delhi
C0322,Michael Velazquez,herrerajames@gmail.com,M,42,Delhi
C0323,Lori Benson,cynthiasmith@gmail.com,F,38,Delhi
C0324,Kimberly Flores,ashley65@morgan.com,F,55,Pune
C0325,Mike Rhodes,reedlisa@martin.com,F,36,Mumbai
C0326,Teresa Gilbert,halljames@garcia.biz,M,24,Bangalore
C0327,Theodore Sanchez,wyattjoseph@gmail.com,M,23,Mumbai
C0328,Sarah Sosa,fostercalvin@hotmail.com,M,18,Mumbai
C0329,Christine Drake,kylebrown@stevens-dean.info,F,30,Pune
C0330,Eric Medina,victoriawise@gmail.com,F,35,Hyderabad
C0331,Joseph Sims,robert16@yahoo.com,F,33,Ahmedabad
C0332,Gwendolyn Guerrero,ggordon@gmail.com,F,47,bengaluru
C0333,Chelsea Brown,amandahowell@hotmail.com,M,57,Mumbai
C0334,John Taylor,micheleparker@oliver.com,M,20,Ahmedabad
C0335,Russell Douglas,ryan47@yahoo.com,F,28,Delhi
C0336,Kristen Drake,crobinson@gmail.com,M,52,Hyderabad
C0337,Katie Brown,heather55@brown.com,M,55,Delhi
C0338,Michelle Russell,kenneth57@hotmail.com,F,52,hyderbad
C0339,Charles Aguilar,laura67@gmail.com,M,34,Ahmedabad
C0340,Emily Christensen,ithompson@walker.biz,M,28,bengaluru
C0341,Annette Robinson,garciasteven@gmail.com,M,32,Mumbai
C0342,William White,eric94@hotmail.com,F,34,Ahmedabad
C0343,Chloe Martinez,samanthaharrison@williams.com,M,59,Pune
C0344,Catherine Barnett,corydavenport@woods-gonzalez.com,M,28,Mumbai
C0345,Jason Dixon,brendameyer@turner-cameron.com,F,50,Mumbai
C0346,Tim Jennings,sanchezlisa@williams.com,M,56,bengaluru
C0347,Leah Gonzalez,brian31@hotmail.com,M,22,Mumbai
C0348,Andrew Davis,rchavez@nelson-sanchez.com,M,43,Bangalore
C0349,Justin Bowen,rcarr@gmail.com,M,33,Hyderabad
C0350,Lisa Henry,lford@barnes.info,M,40,Pune
C0351,Sarah Vance,sosafrancis@hotmail.com,F,60,bengaluru
C0352,Brian Edwards,daniellewis@gmail.com,M,58,hyderbad
C0353,Matthew Robbins,lclark@zimmerman.com,F,27,Pune
C0354,Kathleen Moore,camachosamantha@yahoo.com,F,58,Bangalore
C0355,Mr. George Cooper,wburton@hotmail.com,M,44,Ahmedabad
C0356,Ryan James,roberthall@yahoo.com,M,30,Mumbai
C0357,Veronica Cordova,joshuabrown@yahoo.com,F,26,Ahmedabad
C0358,Jacob Brooks,dmarshall@yahoo.com,M,29,Hyd
C0359,Matthew Brown,adam98@jones-glover.org,M,36,Bangalore
C0360,Robert Harmon,hillmaria@yahoo.com,M,58,Mumbai
C0361,Rebecca Gonzalez,zdavid@gmail.com,F,51,Delhi
C0362,Hannah Ball,wsmall@peterson-perkins.info,M,32,Mumbai
C0363,Krista Wright,davismatthew@white-alvarado.com,M,44,Ahmedabad
C0364,Marcus Powell,sandersapril@yahoo.com,F,35,Mumbai
C0365,Leah Madden,tlara@gmail.com,M,37,Ahmedabad
C0366,Shawn Gardner,ybryant@hotmail.com,M,60,Delhi
C0367,Karen Nunez,ngraham@gmail.com,M,48,bengaluru
C0368,Laura Johnson,richard19@miller.com,M,18,Ahmedabad
C0369,Lauren Kaufman,warren20@hotmail.com,M,37,Ahmedabad
C0370,Patricia Pratt,rogersamanda@hernandez.biz,F,42,hyderbad
C0371,Brandon Williams,mortiz@bullock.com,M,25,Hyderabad
C0372,Christopher Wilson,melanieleach@sanders-davis.com,M,32,Mumbai
C0373,Ryan Gonzalez,sandersdavid@atkins.info,M,36,Delhi
C0374,Lisa Morton,nmartin@gmail.com,M,31,Delhi
C0375,Nicholas Lee,david46@smith.info,M,32,Bangalore
C0376,Kelly Vang,dmccoy@yahoo.com,F,60,Hyd
C0377,Megan Smith,nwoodard@hotmail.com,F,31,Hyderabad
C0378,Mark Matthews,michelle41@christensen-roy.biz,F,26,bengaluru
C0379,Melissa Hale,oscarmullins@jones.com,F,25,Bangalore
C0380,Michael James,scott27@hotmail.com,M,38,Delhi
C0381,Brittney Branch,laura63@obrien-murray.com,M,18,Delhi
C0382,Brian Bridges,clarkmichael@hanna.biz,F,31,Bangalore
C0383,Jeffery Green,carla00@whitaker.org,M,57,Bangalore
C0384,Rachel Bradford,tbrown@schroeder-barker.com,M,49,Pune
C0385,Michelle Rodriguez,manuel72@gmail.com,M,28,Ahmedabad
C0386,Veronica Taylor,murillomiranda@yahoo.com,M,26,Bangalore
C0387,Crystal Molina,vanessasmith@hotmail.com,F,29,Delhi
C0388,Michael White,ajohnson@hotmail.com,F,43,Pune
C0389,Michael Beltran,carrollryan@yahoo.com,M,39,Delhi
C0390,Barbara Jones,rrodriguez@hotmail.com,F,24,Ahmedabad
C0391,Randy Baker,ortizthomas@gmail.com,M,28,Pune
C0392,James Collins,mortonrhonda@morris.com,M,40,hyderbad
C0393,Jonathan Montgomery,kerrischultz@bennett-allen.com,F,37,Delhi
C0394,Christina Hernandez,tasha01@hotmail.com,M,25,Hyderabad
C0395,Jody Larsen,henry80@zimmerman.com,M,28,Hyd
C0396,Andrew Wood,adam82@gmail.com,F,54,Mumbai
C0397,James Rocha,gardnerlisa@yahoo.com,F,47,Ahmedabad
C0398,Rebekah Gonzalez,kwilliams@horton-thomas.net,F,22,Bangalore
C0399,Aaron Ruiz,suttondavid@hotmail.com,F,51,Hyderabad
C0400,Olivia Lee,stephanie03@peters-compton.com,F,28,Delhi
C0401,John Carr,bushjoseph@gmail.com,F,33,Delhi
C0402,Daniel Wilson,michele17@french.com,F,22,Hyderabad
C0403,Daniel Hernandez Jr.,stuartsteven@callahan.net,F,60,hyderbad
C0404,John Clark,nathan97@hotmail.com,F,22,Hyd
C0405,Hannah Martin,davidhudson@atkinson.com,F,35,Bangalore
C0406,Alyssa Ramirez,danielle46@hotmail.com,M,29,Mumbai
C0407,Alan Johnson,davisjoseph@hopkins.com,F,28,Bangalore
C0408,Joseph Freeman,jeremygarcia@walker-ellis.com,F,20,Ahmedabad
C0409,William Golden,brownmarc@hotmail.com,F,52,Mumbai
C0410,Heather Cross,bridgesbobby@yahoo.com,F,38,Pune
C0411,Dawn Caldwell,stephanie82@cruz-greene.info,F,47,Delhi
C0412,Michael Bond,vvillanueva@hotmail.com,M,44,Mumbai
C0413,Luis Mcdaniel,raymond56@brown-swanson.com,M,41,Hyderabad
C0414,Michael Harris,jerryaguilar@hotmail.com,M,50,Ahmedabad
C0415,Elizabeth Buchanan,gaypenny@craig.net,F,31,Ahmedabad
C0416,Sydney Travis,nliu@gmail.com,F,41,bengaluru
C0417,Joshua Johnson,brettsolis@ellis.org,F,47,Hyd
C0418,Nicholas Harrell,vwilliams@yahoo.com,F,55,Bangalore
C0419,Christopher Anderson,murphyscott@meadows-smith.com,M,27,Bangalore
C0420,Brittney Rivera,cookjennifer@hotmail.com,M,54,Hyd
C0421,James Patterson,elizabethchristensen@young-holloway.com,F,31,Ahmedabad
C0422,Kenneth Jackson,kevin75@mclaughlin.com,F,54,Ahmedabad
C0423,Marvin Cox,carterryan@williams-bartlett.biz,M,18,Ahmedabad
C0424,Christopher Reeves,smithjill@ferguson-arnold.com,M,54,Hyd
C0425,Jennifer Villarreal,wfoster@gmail.com,M,21,hyderbad
C0426,Stacey Irwin,wgibson@yahoo.com,F,36,Pune
C0427,Bryan Parks,tsalazar@yahoo.com,F,55,Hyderabad
C0428,Angela Hall,mmorse@yahoo.com,M,30,Mumbai
C0429,Stephanie Gonzalez,jenningsjoseph@williams-rocha.info,M,42,Delhi
C0430,Travis Vargas,moodylinda@hotmail.com,M,45,Delhi
C0431,Rose Delgado,chad78@gmail.com,F,31,Pune
C0432,Jennifer Lyons,mariocooper@gmail.com,M,25,Delhi
C0433,Steven Taylor,pbrown@lewis.net,M,53,Ahmedabad
C0434,Jesse Cooke,swashington@cowan.org,M,59,Mumbai
C0435,Marie Sullivan,jwilson@jones.com,M,56,Hyderabad
C0436,Nicole Mills,kjohns@snyder.com,M,60,Hyd
C0437,Erin Yu,peter38@yahoo.com,F,36,Ahmedabad
C0438,Rachel Savage,royjames@taylor.biz,F,25,Delhi
C0439,Teresa Nichols,barrettscott@gonzalez.com,M,35,Pune
C0440,Elijah Anderson,washingtonjulia@fox.com,F,30,Ahmedabad
C0441,Candace Smith,terrysexton@wells.com,F,28,hyderbad
C0442,Michelle Lara,virginia57@griffith.com,M,41,bengaluru
C0443,Emma Ramirez,aford@hotmail.com,F,46,Delhi
C0444,Danielle Shelton,morarachel@yahoo.com,F,36,Bangalore
C0445,Paula Leon,brent79@garcia.biz,F,45,Mumbai
C0446,Dr. Dennis Pena,rreed@spencer-henderson.com,F,36,Mumbai
C0447,Kelsey Wright,steven98@campbell.com,F,34,Delhi
C0448,Eric Williams,fgreen@hotmail.com,M,42,Bangalore
C0449,Brandon Andrews,tracigrant@hickman.com,M,31,Pune
C0450,Michelle Phillips,davidcain@steele.info,M,35,Ahmedabad
C0451,Valerie Ramirez,rogerscourtney@gray.com,F,28,Delhi
C0452,Rebecca Murphy,ogeorge@hotmail.com,M,37,hyderbad
C0453,Ricardo Kent,mcalhoun@gmail.com,F,60,Delhi
C0454,Justin Carpenter,nicolegonzalez@hall-lambert.org,F,31,Bangalore
C0455,Justin Clements,savannahlindsey@gmail.com,F,26,Pune
C0456,Patty Thomas,cindynewman@yahoo.com,F,52,Delhi
C0457,Madison Berry,arroyokaitlyn@gmail.com,F,32,Bangalore
C0458,Danielle Washington,karellano@russell.com,M,43,bengaluru
C0459,Rachel Marshall,courtney87@washington.com,M,21,Mumbai
C0460,Anna King,larsonteresa@hotmail.com,M,35,Pune
C0461,Leah Chaney,urodriguez@abbott.net,F,28,Delhi
C0462,Rebecca Leach,jsmith@gmail.com,M,37,Hyd
C0463,Miranda Higgins,castillodonna@hotmail.com,F,19,Delhi
C0464,Danielle Gonzales,ycain@hotmail.com,F,26,Delhi
C0465,Jill Johnson,ramirezjacqueline@wu-campbell.com,F,36,bengaluru
C0466,William Peck,normanpaul@powell.com,M,31,Hyd
C0467,Keith Schroeder,krodriguez@hotmail.com,M,37,Mumbai
C0468,William Ortiz,munozallen@gmail.com,M,47,Delhi
C0469,Jeremy Nash,pzuniga@alvarez.com,M,23,Ahmedabad
C0470,Craig Conner MD,yross@mason.com,M,56,Bangalore
C0471,Victoria Hayden,daniel17@lawson.com,M,58,hyderbad
C0472,Tammy Johnson,sharpalexis@yahoo.com,F,49,Hyderabad
C0473,William Mullins,parksmary@gmail.com,F,53,Mumbai
C0474,Alicia Reynolds,rwilkins@bowen.com,M,51,Bangalore
C0475,Rachel Shelton,nelsonmike@hotmail.com,F,46,Bangalore
C0476,Nancy James,bhouston@yahoo.com,M,32,Mumbai
C0477,Seth Gonzalez,walshnicole@hotmail.com,F,46,Bangalore
C0478,Rachel Allen,butlerjennifer@gmail.com,M,47,Hyd
C0479,Jaclyn Lynch,michael00@yahoo.com,M,58,Ahmedabad
C0480,Vicki Peterson DDS,aaron60@taylor.com,F,31,Ahmedabad
C0481,Troy Love,stephanie29@anderson-gentry.info,M,39,Pune
C0482,David Baker,rparker@gomez-odom.info,M,19,Delhi
C0483,Kristen Fuentes,hruiz@hotmail.com,M,36,Ahmedabad
C0484,Kenneth Barry,williamskimberly@castro-burton.biz,F,41,Bangalore
C0485,Judith Johnson,mckaygeoffrey@lopez-warren.com,F,50,Mumbai
C0486,Oscar Williams,cunninghammichelle@horton.com,M,47,Hyderabad
C0487,Gloria Orr,qbauer@hill-rodriguez.biz,F,46,Mumbai
C0488,Nancy Taylor,ydurham@hernandez.net,M,30,Delhi
C0489,Jennifer Morales DVM,jordanmatthew@yahoo.com,F,38,bengaluru
C0490,Kimberly Hammond,joseph91@kennedy.com,F,23,Pune
C0491,Wendy Hernandez,rodneyray@yahoo.com,F,23,Delhi
C0492,Allen Garner,lori07@perez.info,M,18,Bangalore
C0493,Richard Stephenson,jerryleach@hotmail.com,F,38,Hyd
C0494,Mr. Gary Wilson,chriswilliams@yahoo.com,F,53,hyderbad
C0495,Elizabeth Nelson,wendygarza@yahoo.com,M,60,Mumbai
C0496,James Mcguire,alindsey@ochoa.org,F,36,bengaluru
C0497,Laura Myers,nguyendawn@edwards-huff.com,F,22,Ahmedabad
C0498,Joseph Anderson,ymartinez@patel.info,M,47,Pune
C0499,Tiffany Calhoun,douglascarolyn@gmail.com,M,18,Mumbai
C0500,Lauren Ellis,cindyellison@baker.info,M,28,bengaluru
C0501,Jerry Turner,elizabethbrandt@yahoo.com,F,44,Ahmedabad
C0502,Brian Maldonado,francisco89@gmail.com,F,18,bengaluru
C0503,Randy Robertson,erica24@morris-alexander.net,M,39,Delhi
C0504,Linda Allen,ydrake@gonzalez-foster.com,F,54,Delhi
C0505,James Matthews,ashleywilliams@walker.biz,F,28,bengaluru
C0506,Angela Newman,cherylbenson@yahoo.com,M,38,Bangalore
C0507,Robert Brooks,harrisjose@jackson.com,F,33,Bangalore
C0508,Michael Smith,harveydevin@gmail.com,M,41,Delhi
C0509,Justin Dean,jrivers@murray-escobar.com,M,56,Ahmedabad
C0510,Rachel Johnston,brownjulie@hotmail.com,F,29,bengaluru
C0511,Susan Bird,yboyd@lambert.net,M,25,Delhi
C0512,Michael Ruiz,patriciawillis@hotmail.com,F,34,Hyderabad
C0513,Sarah Stokes,lgomez@yahoo.com,F,27,Delhi
C0514,Laura Simmons,jadams@hotmail.com,M,18,Delhi
C0515,Kenneth Mcdaniel,cynthia61@santiago.info,M,46,Mumbai
C0516,Lauren Bailey,lacey45@yahoo.com,F,57,Delhi
C0517,Brittany Munoz,sfloyd@yahoo.com,M,54,Ahmedabad
C0518,Benjamin Lutz,williamkelly@yahoo.com,F,27,Ahmedabad
C0519,Andrew Williams,michelle77@sanchez.net,M,48,Delhi
C0520,Jennifer Alvarado,castilloshannon@gomez.org,M,36,Mumbai
C0521,James Taylor,tanya05@hunter.com,F,47,Mumbai
C0522,Krista Nichols,smithkelli@yahoo.com,M,48,hyderbad
C0523,Juan Rogers,hwright@hotmail.com,F,39,bengaluru
C0524,Bradley Rogers,briannabrown@gmail.com,M,39,Ahmedabad
C0525,Cameron Bowen,travisshannon@hotmail.com,F,47,Hyd
C0526,David Morales,bethany21@gmail.com,M,31,Hyderabad
C0527,Rachel Rios,rcampbell@roberts.com,F,49,Bangalore
C0528,Mary Campos,olambert@coleman.biz,F,33,Bangalore
C0529,Jacob Morris,rickeysmith@gmail.com,F,33,Delhi
C0530,John Robinson,dennisjennifer@johnson.net,F,18,Delhi
C0531,Michael Erickson,qarmstrong@yahoo.com,F,58,Hyd
C0532,Yesenia Thompson,michael11@hotmail.com,M,19,Ahmedabad
C0533,Teresa Davis,ppowers@stewart.com,M,21,Mumbai
C0534,Mark Reed,annecrawford@grant.net,F,37,Mumbai
C0535,Colin Lewis,brandtamber@yahoo.com,F,56,Delhi
C0536,Austin Barrett,popescott@hotmail.com,M,37,Bangalore
C0537,Mark Compton,brentrobinson@hotmail.com,F,27,Delhi
C0538,Jonathan Holmes,matthewdonaldson@cain.info,M,20,Bangalore
C0539,Sabrina Barnett,connorfloyd@allen.com,F,36,Ahmedabad
C0540,Sheryl Davis,hayeskenneth@fitzgerald.biz,M,27,Mumbai
C0541,Kurt Murillo,aperry@banks.info,F,47,Ahmedabad
C0542,Michael Hodge,woodsjeremy@orr.com,M,47,Mumbai
C0543,Sarah Welch,gbutler@macdonald.com,M,47,Pune
C0544,Angela Young,davidvargas@hotmail.com,M,49,Ahmedabad
C0545,Karen Contreras,iblack@hotmail.com,F,35,Bangalore
C0546,Anthony Stephens,lisa24@jones-cox.com,F,44,Hyd
C0547,Daniel Brady,rebecca00@cortez.org,F,59,Ahmedabad
C0548,Carlos Rogers,dawnmclaughlin@yahoo.com,M,35,Pune
C0549,David Garcia,brianhobbs@weaver.net,F,36,Ahmedabad
C0550,Jenna Wong,xhanson@gmail.com,M,36,bengaluru
C0551,Bradley Oneal,amy35@hotmail.com,F,37,Pune
C0552,Stanley Velez,pwright@white.biz,M,37,Mumbai
C0553,Daniel Villegas,qallen@hotmail.com,F,36,Ahmedabad
C0554,Denise Snyder,susanmejia@yahoo.com,F,33,Hyd
C0555,Christian Williamson,taylorrodgers@gmail.com,M,38,Pune
C0556,Linda Estrada,hmartin@gmail.com,F,47,Bangalore
C0557,Courtney Page,charlesbeard@hotmail.com,F,42,Bangalore
C0558,Timothy Garcia,rowlanddavid@boyd.com,F,25,Hyderabad
C0559,Jacob Williams,carriedavis@grimes-kennedy.org,F,59,Pune
C0560,William Phillips,garycollins@clark.org,F,30,Mumbai
C0561,Angela Graham,rachelhunter@elliott-green.com,F,41,Hyd
C0562,Melissa Smith,josephdean@roberts-king.com,F,54,Delhi
C0563,Richard Harris,rhonda66@hotmail.com,M,24,Hyd
C0564,Cassie Johnson,jeffreyhill@yahoo.com,F,34,Ahmedabad
C0565,Jerome Martinez,haroldpeterson@hotmail.com,F,34,Pune
C0566,Angel Gonzalez,warnerellen@gentry-miller.com,M,52,Pune
C0567,Brooke Garcia,ngregory@yahoo.com,M,45,Ahmedabad
C0568,Andre Stone,schneiderheidi@west.com,F,50,hyderbad
C0569,Toni Marquez,iwillis@harris.com,M,57,Delhi
C0570,David Weaver,frances55@adams.com,M,45,Ahmedabad
C0571,William Aguilar,jbullock@yahoo.com,M,48,Mumbai
C0572,William James,hopkinsandrea@meyer.biz,M,19,Pune
C0573,Ross Taylor,xchambers@hotmail.com,F,53,Delhi
C0574,Jeff Weaver,eosborne@ruiz.com,F,49,hyderbad
C0575,Megan Rodriguez,terri60@hotmail.com,F,24,Ahmedabad
C0576,Aaron Patel,erin76@wang.com,F,39,Ahmedabad
C0577,Rick Moran,aprilmendez@jones.com,M,38,Ahmedabad
C0578,Dalton Logan,veronicalarson@miller-atkinson.info,F,36,Delhi
C0579,Lauren Pearson,idean@gmail.com,F,26,bengaluru
C0580,Wesley Harper,daniel56@barnes.info,M,25,Hyd
C0581,Faith Ray,samanthabarron@gmail.com,M,55,Hyd
C0582,Donald Brown,jasmine40@yahoo.com,M,24,Delhi
C0583,David Noble,saunderspatricia@hotmail.com,M,26,Mumbai
C0584,Anthony Calhoun,hwood@yahoo.com,F,55,Pune
C0585,Bryan Hughes,rwilliams@mcneil.biz,F,28,Ahmedabad
C0586,Tina Keith,vincent95@hotmail.com,F,46,Delhi
C0587,Scott Carroll,ereed@hoover.com,F,37,Pune
C0588,Leslie Jones,corteznicholas@watson-holder.com,M,49,Mumbai
C0589,Amanda Wilkinson,kellyjonathan@yahoo.com,M,45,Delhi
C0590,Scott Davis,joseph09@yahoo.com,M,37,Mumbai
C0591,Jesse Kennedy,millerheather@moss-barrett.com,M,33,Bangalore
C0592,Bradley Lewis,thompsonross@gmail.com,M,52,Mumbai
C0593,Casey Sparks,michaelphillips@gmail.com,M,36,Mumbai
C0594,Kristen Hernandez,duane89@yahoo.com,F,55,Mumbai
C0595,Patrick Garza,kellykimberly@hess.biz,M,46,Bangalore
C0596,Ronald Mcdaniel,natalieking@curtis.com,M,60,Mumbai
C0597,Mark Campbell,bennettcharles@palmer.info,M,27,Ahmedabad
C0598,Linda Ross,walkerdavid@young-yang.info,F,39,Delhi
C0599,Amanda Wilson,qbond@yahoo.com,M,45,Pune
C0600,Jeffery Elliott,marthawilliams@hotmail.com,M,32,Mumbai
C0601,Sonya Burke,swaters@hotmail.com,F,47,Ahmedabad
C0602,Samuel Cortez,williammoore@hicks-stewart.biz,F,42,Mumbai
C0603,Scott Lewis,kjennings@yahoo.com,M,40,bengaluru
C0604,Lisa Carter,ypowers@carroll.com,F,43,Ahmedabad
C0605,Gloria Phillips,pennywalsh@allen-brewer.com,M,34,Bangalore
C0606,Michele Ortiz,jessicayoung@mcclure.org,F,49,hyderbad
C0607,Jeremy Dickson,marissa98@hotmail.com,M,54,Delhi
C0608,Matthew Marshall,william29@flores-jacobson.org,F,29,Delhi
C0609,Lindsay Sanchez,josephbishop@hotmail.com,M,44,Mumbai
C0610,Brian Flores,robertbrooks@maxwell-garcia.com,F,22,Hyd
C0611,Chase Torres,mary25@ferrell.biz,M,58,hyderbad
C0612,Victor Acosta,cking@yahoo.com,M,40,Delhi
C0613,Stephanie Ferguson,johnwallace@gmail.com,F,54,Pune
C0614,Anna Valdez,huntermason@ware.net,M,58,Delhi
C0615,Robert Ingram,collinsnancy@carpenter.com,M,56,Mumbai
C0616,Joel Fitzpatrick,hollywhite@pineda.net,M,55,Hyd
C0617,Louis Owens,nathan84@hotmail.com,M,51,bengaluru
C0618,Shelby Alvarez,bryanevans@gmail.com,F,51,Pune
C0619,Leslie Morton,zpham@yahoo.com,M,36,Mumbai
C0620,Anne Johnson,hking@james-zuniga.com,F,50,Bangalore
C0621,John Garcia,ybennett@hotmail.com,F,50,Delhi
C0622,Scott Webb,rachel79@hotmail.com,M,30,Hyd
C0623,Sarah Griffin,paul87@hotmail.com,F,22,bengaluru
C0624,Kimberly Gomez,lweber@yahoo.com,F,24,Pune
C0625,Mark Mendoza,alexander18@gmail.com,M,57,Pune
C0626,Edwin Brennan,ejohnson@jones.com,M,27,Delhi
C0627,Jennifer Olsen,michaelrodriguez@sosa-smith.com,M,27,Pune
C0628,Heather Gordon,lisa76@hernandez.org,F,52,Mumbai
C0629,Gary Simon,khanmichael@yahoo.com,M,28,Hyd
C0630,Dr. Daniel Sanchez,livingstonjoshua@dunlap-marshall.com,M,33,Ahmedabad
C0631,Taylor Duran,blackpatricia@gmail.com,F,36,bengaluru
C0632,Michelle French,teresagarza@bowman.com,F,37,Hyd
C0633,Wesley Brown,danielle86@gmail.com,F,19,Pune
C0634,Ryan Taylor,sheryljohnson@yahoo.com,F,20,Delhi
C0635,Catherine Brock,samantha02@warren-jones.biz,M,37,Ahmedabad
C0636,David Stuart,mark93@winters.org,F,29,Delhi
C0637,Ryan Griffin,manueldavidson@hotmail.com,F,39,Pune
C0638,Mr. Nicholas Reed,richardzuniga@johnson.biz,M,22,Delhi
C0639,Michael Smith,sherryhernandez@hotmail.com,M,57,Mumbai
C0640,Jimmy Evans,salazarjacob@gmail.com,F,29,Bangalore
C0641,Matthew Moses,gleach@hart.com,M,19,Pune
C0642,Heather Mitchell,dgonzalez@turner.info,F,40,Ahmedabad
C0643,Martha Lynch,shellykim@martinez.info,M,33,hyderbad
C0644,Alyssa Zhang,amberluna@gmail.com,M,21,Bangalore
C0645,Thomas Tanner,meyerelizabeth@yahoo.com,F,35,Hyd
C0646,Brian Floyd,lauraross@garcia-bowman.com,F,52,bengaluru
C0647,Cody Mahoney,hallkeith@yahoo.com,F,26,Ahmedabad
C0648,Katherine Moore,chelsea87@brown.com,F,56,Mumbai
C0649,Tracy Frey,mariogarner@jennings.info,M,46,Mumbai
C0650,Amy Wood,jessica31@gmail.com,M,51,hyderbad
C0651,Anne Hall,melissafloyd@wilson.com,M,30,Mumbai
C0652,Jennifer White MD,jamiecampbell@hotmail.com,F,40,Mumbai
C0653,Richard Hayes,regina04@hotmail.com,M,29,hyderbad
C0654,Benjamin Johnson,spencerandrea@armstrong.net,F,50,Mumbai
C0655,Andrew Clark,spencerkimberly@reed-garcia.com,F,46,Ahmedabad
C0656,Anthony Kent,tlee@yahoo.com,F,60,Mumbai
C0657,John Lopez,sergiopeterson@craig.com,F,58,Delhi
C0658,Christopher Vargas,richardsmelissa@hotmail.com,M,18,Bangalore
C0659,Ryan Weaver,mitchell18@gmail.com,M,47,bengaluru
C0660,Robert Richards,michaelchavez@castro-wilson.com,M,49,Pune
C0661,Harold Smith,jmurray@yahoo.com,M,31,Mumbai
C0662,Jamie Tucker,amoore@bonilla-gonzalez.com,F,42,Bangalore
C0663,Christine Burton MD,patricia49@hotmail.com,M,57,Ahmedabad
C0664,Miguel Odonnell,johnsmith@yahoo.com,M,44,Bangalore
C0665,Keith Martinez,pshaffer@yahoo.com,F,51,Hyd
C0666,Christopher Merritt DVM,michaelwilliams@gmail.com,F,51,Delhi
C0667,Hannah Santos,keithflores@jones-riley.com,M,58,Delhi
C0668,Taylor Pugh,tmontgomery@gmail.com,F,18,Mumbai
C0669,Miranda Holland,oconway@hotmail.com,M,29,hyderbad
C0670,Brooke Dillon,ythompson@gmail.com,F,53,Pune
C0671,Jennifer Scott,gonzalezthomas@lee.com,M,22,hyderbad
C0672,Elizabeth Ross,ejames@west.com,F,25,Ahmedabad
C0673,Paul Krueger,spadilla@walker-peterson.com,M,44,Delhi
C0674,Sierra Evans,deborah44@hotmail.com,M,22,Mumbai
C0675,Jonathan Wagner,stephaniebell@hotmail.com,M,32,Bangalore
C0676,Samuel Wiley,dbush@hotmail.com,F,32,Mumbai
C0677,Kristine Khan,ayalajonathan@gray.com,M,29,Bangalore
C0678,Amy Stewart,amanda36@maldonado-deleon.com,F,50,Hyderabad
C0679,Michael Keller,popesandra@kelly-hernandez.net,F,36,Ahmedabad
C0680,Justin Rose,danielbaker@gmail.com,F,24,Pune
C0681,Ryan Becker,nprice@yahoo.com,M,42,Ahmedabad
C0682,Jessica Lara,qlang@ramos-fleming.com,M,46,Ahmedabad
C0683,Sophia Fischer,jamesanderson@adams.com,M,49,Delhi
C0684,Tracy Taylor,mitchellashley@hotmail.com,F,39,Pune
C0685,Mark Silva,tracie58@hotmail.com,F,35,bengaluru
C0686,Johnny Berg,ricejason@gibbs.org,F,35,Hyderabad
C0687,Christine Cox,cjoseph@walter-mann.info,F,35,Pune
C0688,Andrew Harris,halewilliam@yahoo.com,M,50,hyderbad
C0689,Donna Winters,pingram@potter.info,M,53,Hyd
C0690,Travis Washington,bmcpherson@hotmail.com,M,28,Pune
C0691,Mary Tran,alyssa72@hale.net,M,52,Delhi
C0692,Kathryn Hardy,nathanjones@ward-costa.org,F,56,Mumbai
C0693,Robert Willis,carolcunningham@barajas.biz,M,24,Ahmedabad
C0694,Dylan Townsend,clawson@ortega-perez.com,F,41,bengaluru
C0695,Kenneth Garcia,brandonbowen@hotmail.com,M,54,hyderbad
C0696,Lance Gonzales,martinezaudrey@gmail.com,M,43,Mumbai
C0697,Noah Wade,ryan96@gmail.com,F,56,Mumbai
C0698,Sandra Peterson,judycole@west-hansen.net,M,47,Delhi
C0699,Megan Mays,amy44@cisneros-hooper.com,M,20,hyderbad
C0700,Linda Long,frank69@ramos.com,F,39,Delhi
C0701,Ronald Arias,victoria14@cole-andersen.com,F,26,Mumbai
C0702,Susan Lambert,tarajones@yahoo.com,M,56,Ahmedabad
C0703,Christopher Patrick,stephanie61@hotmail.com,F,52,Ahmedabad
C0704,Joy Garcia,noahclark@beck-rodriguez.com,F,44,Pune
C0705,Ryan Jordan,adrianfarmer@sanchez.org,F,43,bengaluru
C0706,Cynthia Conway,swilliams@gmail.com,M,55,bengaluru
C0707,Sarah Thompson,usnyder@hammond-williams.com,F,60,Ahmedabad
C0708,Jack Phelps,riveraheidi@hughes.com,F,51,Mumbai
C0709,Willie Hodge,gcortez@perez-gibson.org,F,21,Delhi
C0710,Jerry Carroll,williswillie@brown.org,F,52,Ahmedabad
C0711,Michael Allen,justin96@yahoo.com,F,60,Ahmedabad
C0712,Zachary Phillips,ramosdavid@gmail.com,M,43,Pune
C0713,Ricardo Moran,catherine14@montoya.org,F,26,Pune
C0714,Ms. Sheila Ward,palmerlindsay@gould-ritter.com,M,22,Pune
C0715,Stephen Allen,dennis17@atkins-collins.net,M,24,hyderbad
C0716,Austin Reilly,brian87@hale.org,F,38,Mumbai
C0717,Michael Crawford,doylenancy@gmail.com,M,53,Mumbai
C0718,Marie Nelson,christopher55@lee.org,M,60,Delhi
C0719,Christina Meyers,sarnold@collins-price.info,M,48,hyderbad
C0720,Lisa Vang,kyle44@yahoo.com,M,40,Delhi
C0721,Dylan Armstrong,micheal09@gmail.com,M,25,Ahmedabad
C0722,Stephen Berry,scott11@gmail.com,M,48,Delhi
C0723,David Vincent,stephensonjoseph@short-gentry.info,F,28,Mumbai
C0724,Mary Singh,kennethray@hotmail.com,F,45,Ahmedabad
C0725,Robin Hughes,fgray@hotmail.com,F,40,Bangalore
C0726,Jonathan Schmidt,mwillis@hotmail.com,F,25,Hyderabad
C0727,Grace Montoya,ryoung@hotmail.com,M,38,Bangalore
C0728,Ashley Nguyen,kristinbarry@yahoo.com,M,32,Mumbai
C0729,Paige Lee,vabbott@yahoo.com,F,43,Ahmedabad
C0730,Beth Wolfe,gwu@hotmail.com,F,25,Bangalore
C0731,Jessica Carr,shernandez@hotmail.com,M,30,bengaluru
C0732,Becky Gordon,davidhancock@gmail.com,F,36,Mumbai
C0733,Mary Kline,shannon19@gmail.com,F,39,Mumbai
C0734,Selena Baker,samuelmckee@hotmail.com,F,45,Delhi
C0735,Mr. Lawrence Parks,catherineboone@castillo.biz,M,23,Hyderabad
C0736,Martha Fitzgerald,justin56@gmail.com,F,19,Mumbai
C0737,Alexandria Smith,ponceandrea@hotmail.com,M,18,bengaluru
C0738,Nicholas Fisher,stevenlopez@bailey.com,M,43,Pune
C0739,Barbara Patel,michaelvaldez@sutton.org,F,27,Ahmedabad
C0740,Brent Rios,john28@yahoo.com,M,38,Mumbai
C0741,Jesus Ramirez,lhoffman@wright.com,F,28,Ahmedabad
C0742,Jennifer Dominguez,wellskeith@tanner.biz,F,27,Ahmedabad
C0743,Evan Huynh,fjohnson@gmail.com,M,39,Bangalore
C0744,Valerie Perry,blackkayla@cobb-graham.com,M,32,Pune
C0745,Michelle Johnson,rthomas@gmail.com,M,34,Mumbai
C0746,Kimberly Harrington,kellie44@yahoo.com,M,26,Bangalore
C0747,Stephanie Harrington,dtaylor@johnson.biz,M,28,bengaluru
C0748,Rachel Bryan,fieldslauren@hotmail.com,M,27,Pune
C0749,Matthew Stein,michael01@flores-sanchez.com,M,48,Ahmedabad
C0750,Michelle Moore,michaelfloyd@gmail.com,M,41,Delhi
C0751,Andrea Hull DDS,bheath@may.info,F,22,Bangalore
C0752,Kelly Garcia,kevinmeyers@yahoo.com,M,36,Pune
C0753,Kelsey King,justin21@duarte.com,F,30,Pune
C0754,Haley Herrera,brownstephanie@gmail.com,M,45,Ahmedabad
C0755,Angela Hall,qhartman@young.com,F,50,Delhi
C0756,Monica Flores,ytorres@williamson-reynolds.com,F,50,hyderbad
C0757,Sheri Steele,petersonrobin@gmail.com,F,59,Mumbai
C0758,Aaron Ramirez,shane29@gmail.com,F,21,Bangalore
C0759,Michael Walls,rebecca12@hotmail.com,M,57,Mumbai
C0760,Gregory Garza,kyle70@smith.com,M,34,Ahmedabad
C0761,Dustin Blackburn,lsmall@ayala.com,M,41,Ahmedabad
C0762,Richard Anderson,ljacobs@flynn-miller.com,M,43,Mumbai
C0763,Richard Santiago,jcooper@gmail.com,M,55,Delhi
C0764,William Reyes,edwardsdennis@gmail.com,F,27,Pune
C0765,Lisa Moss,bnicholson@washington.com,F,49,Hyderabad
C0766,Patrick Chen,michaelherrera@wright.org,M,27,Mumbai
C0767,David Wilson,galexander@gmail.com,F,39,Mumbai
C0768,Cynthia Mullen,fnichols@yahoo.com,M,26,Mumbai
C0769,Sandra Jensen,vanessawhite@yahoo.com,M,60,Mumbai
C0770,John Sanders,blacksandra@duncan-davenport.com,F,38,Delhi
C0771,Shannon Lee,duane71@yahoo.com,F,36,Pune
C0772,Ruth Bennett,elizabeth80@gmail.com,M,39,hyderbad
C0773,Jack Romero,jonathan13@gmail.com,F,44,Ahmedabad
C0774,Glen Anderson,jacobaguilar@parks.com,M,28,hyderbad
C0775,Robert Hunter DDS,rasmussenanthony@gmail.com,M,22,Ahmedabad
C0776,Michael Sullivan,stephen26@gmail.com,M,36,Ahmedabad
C0777,Martin White,jamesholder@harris.net,M,21,Pune
C0778,Emma Sharp,kevincantu@yahoo.com,F,30,Delhi
C0779,Dr. Brandi Stone,morganwhite@hotmail.com,M,55,Mumbai
C0780,Richard Williams,catherine61@gmail.com,M,48,Hyderabad
C0781,Roger Hall,danielgordon@tucker-smith.org,F,20,Delhi
C0782,Roberta Thompson,jacksonmichael@king.biz,F,57,Mumbai
C0783,Jacqueline Ward,lawrencejames@hotmail.com,M,51,Mumbai
C0784,Mrs. Denise Solis DDS,carrshelby@webb-owens.com,F,18,hyderbad
C0785,Matthew Barajas,jgutierrez@gmail.com,F,48,Mumbai
C0786,Jeffery Hoover,martinezparker@yahoo.com,F,21,Hyd
C0787,Johnny George,mvasquez@floyd.com,F,18,Pune
C0788,Pamela Johnson,eric11@lang.net,M,28,Delhi
C0789,Gregory Palmer,nicholas46@yahoo.com,M,49,Delhi
C0790,Douglas Lane,hsmith@hotmail.com,M,48,Hyderabad
C0791,April Delgado,jason73@washington.biz,M,20,Delhi
C0792,Felicia Fox,ericpeters@hotmail.com,F,30,Bangalore
C0793,Tammy Deleon,johnsonjonathan@cooper.com,M,20,Mumbai
C0794,Maria Krueger,qclark@hammond-barrett.com,M,56,Ahmedabad
C0795,Grant Juarez,kdavis@hotmail.com,M,50,bengaluru
C0796,Brandon Davis,shicks@roberts.net,F,39,Hyd
C0797,Thomas Hawkins,david59@jensen-strickland.com,F,42,Pune
C0798,Dr. Emily Thomas,lori60@gmail.com,M,27,Ahmedabad
C0799,Kendra Herman,melissa42@gmail.com,M,59,Mumbai
C0800,Karen Hunt,awilson@yahoo.com,F,44,Mumbai
C0801,Lisa Moore,guerrerocody@yahoo.com,F,42,Mumbai
C0802,Brian Lara,gibbsalexis@richardson.info,F,48,Bangalore
C0803,Zachary Lee,amyjenkins@hotmail.com,M,51,Delhi
C0804,Robert Smith,masonalex@yahoo.com,F,51,Mumbai
C0805,Brian Robinson,jasonlong@andrews-harvey.com,M,33,Mumbai
C0806,Mark Robertson,gutierrezshawn@thomas.com,M,60,bengaluru
C0807,Heather Campbell,jscott@yahoo.com,F,51,Pune
C0808,Angela Lopez,princeeric@reyes.info,F,51,bengaluru
C0809,Christopher Reeves,jenny07@gmail.com,M,35,bengaluru
C0810,Renee Moss,mary31@hotmail.com,F,36,Bangalore
C0811,Kevin Larson,padillanicole@gmail.com,F,30,Mumbai
C0812,Michael Williams,nicholas74@gmail.com,F,55,Bangalore
C0813,Jo King,chenjoseph@yahoo.com,M,22,Delhi
C0814,Jonathan Harris,qwashington@hotmail.com,F,49,Ahmedabad
C0815,Dennis Jacobs,kevin41@gmail.com,F,36,Delhi
C0816,Kelly Dixon,staceydavis@yahoo.com,F,38,bengaluru
C0817,Danielle Love,steven97@craig-arellano.com,F,34,Hyderabad
C0818,Mrs. Danielle Kerr,bcuevas@gmail.com,F,35,Mumbai
C0819,Wanda Gonzalez,kathrynlee@yahoo.com,F,32,Delhi
C0820,Kelsey King,jdavid@bowers-powers.com,M,47,Mumbai
C0821,John Bailey,archerjennifer@mccullough-lopez.com,M,50,Pune
C0822,Caitlin Daniels,phampatrick@hotmail.com,M,18,Ahmedabad
C0823,Jerry Bell,brett38@edwards-craig.com,M,44,Hyderabad
C0824,Michael Jackson,stacyblack@gmail.com,F,24,Ahmedabad
C0825,Charlotte Reed,ppatel@gmail.com,F,41,Hyd
C0826,Peter Baldwin,hbennett@gmail.com,F,41,Mumbai
C0827,Jerry Ramirez,ystokes@yahoo.com,F,60,Delhi
C0828,Brooke Trevino,jacquelinefields@thompson-jackson.info,F,18,Mumbai
C0829,Hannah Marquez,jenniferhowell@yahoo.com,M,54,Mumbai
C0830,Amanda Walker,glowery@gmail.com,M,50,Delhi
C0831,John Russo,wyatt49@riley.biz,M,18,Pune
C0832,Anthony Hale,brownbecky@strong.net,M,22,bengaluru
C0833,Nicole Miller,nkramer@hotmail.com,F,31,Ahmedabad
C0834,Amber Smith,ghayes@hotmail.com,F,55,hyderbad
C0835,Amanda Ashley,timothy51@moore-chase.net,F,50,Ahmedabad
C0836,Susan Salazar,steven31@yahoo.com,M,37,Hyd
C0837,Shawn Mejia,yatesjulie@beltran.info,F,20,Ahmedabad
C0838,Rhonda Rodriguez,jessicahorn@gmail.com,F,25,Mumbai
C0839,Christopher Cabrera,brownanita@yahoo.com,M,51,Pune
C0840,Michael Barnes,larrygarcia@gmail.com,F,21,bengaluru
C0841,Eric Carter,zkeller@hotmail.com,F,22,Ahmedabad
C0842,Justin Wright,lauraturner@gordon.com,F,49,Delhi
C0843,Kristen Vasquez,marshjason@gmail.com,F,47,hyderbad
C0844,James Snyder,iball@gmail.com,M,59,hyderbad
C0845,Maureen Adams,judy57@jones-reid.info,F,38,Delhi
C0846,Elizabeth Walker,fboyd@wilson.org,M,44,Pune
C0847,Ashley Malone,nichole35@hotmail.com,F,39,Ahmedabad
C0848,Joshua Mendoza,griffithrobert@johnson.com,M,36,Bangalore
C0849,Amy Hampton,ubyrd@mullen.net,M,37,Delhi
C0850,Kelly Diaz,gamblenathan@welch-ray.biz,F,22,Ahmedabad
C0851,Mr. Nathaniel Cox,douglasjeffrey@perez-schmidt.com,F,38,hyderbad
C0852,Ms. Brianna Jones,elizabethvazquez@yahoo.com,M,36,bengaluru
C0853,Andrea Fowler,cynthia60@gmail.com,M,53,Ahmedabad
C0854,Joseph Hall,roberto40@flores-mosley.org,F,43,Ahmedabad
C0855,Caitlin Hawkins,valeriebrandt@warren-allison.org,F,26,hyderbad
C0856,Lisa Smith,kevin71@smith.biz,M,30,bengaluru
C0857,Paul Garrison,mayrichard@yahoo.com,M,52,Mumbai
C0858,Alfred Marsh,robertpowers@yahoo.com,F,59,Mumbai
C0859,Eric Cooper,jnguyen@strickland.com,M,46,Mumbai
C0860,Priscilla Williams,leonardallison@hotmail.com,F,47,hyderbad
C0861,Michael Vasquez,anthonymann@gmail.com,F,37,Bangalore
C0862,Timothy Walton,ashley80@gmail.com,F,29,Ahmedabad
C0863,Christopher Evans,russokim@gmail.com,M,26,Delhi
C0864,Angela Roberts,lori93@gmail.com,M,22,Ahmedabad
C0865,Cory Chambers,lawrence02@dennis.com,M,39,Delhi
C0866,Ann Melton,pam36@yahoo.com,M,47,hyderbad
C0867,Dylan Roth,christophermitchell@gmail.com,F,57,Pune
C0868,Jonathan Lambert,mbranch@yahoo.com,F,18,Ahmedabad
C0869,Heather Graves,amber27@hood-dean.info,M,40,Delhi
C0870,Andrew Martinez,kristiepierce@james.biz,M,48,Ahmedabad
C0871,Jeffrey Fischer,courtneyroman@hotmail.com,F,37,Pune
C0872,Barbara Schmidt,jhuang@miller.org,M,23,bengaluru
C0873,Kimberly Reyes,christinasellers@hotmail.com,M,45,Delhi
C0874,Paul Walker,kellyjensen@yahoo.com,F,38,Delhi
C0875,Melanie Phillips,jonesjoseph@yahoo.com,F,23,Ahmedabad
C0876,Alicia Mclean,lramirez@jones.com,F,49,Pune
C0877,Carl Mahoney,michael36@yahoo.com,M,34,Mumbai
C0878,Eric Beasley,hendrixamanda@yahoo.com,M,45,Pune
C0879,Bonnie Hall,aaronwilliams@hotmail.com,M,34,bengaluru
C0880,Sarah King,ewilliams@gmail.com,M,35,Ahmedabad
C0881,Nicholas Evans,joshua13@kelley-smith.com,F,51,Pune
C0882,Patricia Brooks,zamorastephen@scott-henry.info,M,53,Bangalore
C0883,Kristin Gonzalez,matthewcalhoun@gmail.com,M,20,Delhi
C0884,Jessica Mckenzie,lopezderek@gmail.com,M,59,Pune
C0885,Katherine Berry,kimking@day-vasquez.com,M,54,Delhi
C0886,Mrs. Deborah Boone,tanya26@ritter.com,F,29,Delhi
C0887,Sonya Mendoza,kennethallen@hotmail.com,F,30,Hyderabad
C0888,Jennifer Sullivan,william50@paul.com,F,52,Ahmedabad
C0889,Jessica Jones,amber10@hotmail.com,F,37,Mumbai
C0890,Denise Mcconnell,christophermoore@gmail.com,F,34,Pune
C0891,Madison Joseph,patriciahill@hotmail.com,F,58,bengaluru
C0892,Michael Bradshaw,penglish@hotmail.com,M,32,Ahmedabad
C0893,David Powers,bryantkimberly@wiley.com,F,18,Delhi
C0894,Ricardo Davis,juliewoods@hotmail.com,M,19,Delhi
C0895,Maurice Reynolds,jonesmelissa@pacheco.com,F,31,Hyd
C0896,Mark Williams,sriley@hotmail.com,F,23,Pune
C0897,Mr. Daniel Knox,joann05@moore.com,M,50,Hyd
C0898,Mary Diaz,todd82@gmail.com,M,30,Hyderabad
C0899,Tonya Kirby,eric19@walters-benton.com,M,49,Mumbai
C0900,Amanda Holmes,ksanders@stephens.com,F,24,Delhi
C0901,Kyle Wright II,shawn48@hotmail.com,F,46,Delhi
C0902,Brenda Rasmussen,smithjenna@hotmail.com,M,58,Pune
C0903,Brian Wilson,clinechristopher@hotmail.com,M,58,Pune
C0904,Ross Wilson,alicia95@collins.net,F,19,Mumbai
C0905,Dr. Meredith Murphy,amanda14@lewis.net,M,35,bengaluru
C0906,John Wade,ewilson@gmail.com,M,44,Pune
C0907,Paula Pineda,jessicalarson@ponce.com,M,56,bengaluru
C0908,Meagan Johnson,cody92@hotmail.com,F,31,hyderbad
C0909,Nathan Garcia,rachelmarshall@yahoo.com,M,56,Hyd
C0910,Christopher Burgess,sheashannon@brandt.info,F,41,Pune
C0911,Bryce Hooper,tammy23@hotmail.com,M,22,Ahmedabad
C0912,Bruce Brown,foxjeanette@stevenson.com,F,50,Ahmedabad
C0913,Deborah James,probinson@hotmail.com,M,25,Pune
C0914,Andrew Espinoza,mharper@brown.com,M,31,Mumbai
C0915,Rodney Lee,kgarcia@wilkinson.com,F,46,Pune
C0916,Stephanie Callahan,sdavis@larson.net,F,52,Delhi
C0917,Adam Sanchez,jacksonchristopher@sanders-williams.com,M,51,Delhi
C0918,Benjamin Garrett,xtaylor@hotmail.com,M,54,Ahmedabad
C0919,Christopher Lloyd,whitefelicia@yahoo.com,M,21,Ahmedabad
C0920,Darren Pittman,steven29@nguyen.com,M,24,Ahmedabad
C0921,Brandon Lawrence,khanmatthew@gmail.com,F,59,Mumbai
C0922,Corey Padilla,millssteven@meza-allen.biz,M,46,hyderbad
C0923,Kimberly Bowers,barnespatricia@garcia.net,M,52,Delhi
C0924,Ruth King,wigginsmichele@lane-vargas.com,M,36,bengaluru
C0925,Bethany Gallagher,jdickson@oliver.com,F,50,Ahmedabad
C0926,Patrick Benson,bradmurray@gmail.com,M,43,Delhi
C0927,Connie Wilson,christopher37@santiago.com,M,58,Bangalore
C0928,Anthony Rich,wsanders@yahoo.com,F,60,Hyd
C0929,Anthony Sandoval,gutierrezchelsea@scott.com,F,41,Delhi
C0930,Regina Allen,jessica40@lee.com,M,22,Delhi
C0931,Jesse Carter,amymatthews@hotmail.com,M,34,Ahmedabad
C0932,Tim Alvarez,rachel02@yahoo.com,M,52,Pune
C0933,Lisa Perez,barbarafarley@hotmail.com,F,41,Pune
C0934,Vincent Torres,thomasknight@mccoy-hernandez.net,M,31,Pune
C0935,Sean Warren DDS,gina98@evans.com,M,49,Hyderabad
C0936,Mary Allen,vfoster@yahoo.com,M,38,Mumbai
C0937,Michelle Walsh,brandon77@owens.net,F,37,Ahmedabad
C0938,Tim Dean,kpierce@roberts.com,F,22,Ahmedabad
C0939,Kristen Mahoney,kelly17@gmail.com,M,38,hyderbad
C0940,Destiny Harris,michael96@yahoo.com,M,59,bengaluru
C0941,Martin Miller,briannahuang@yahoo.com,M,19,Mumbai
C0942,Kyle Lopez,coxsydney@gmail.com,F,21,Ahmedabad
C0943,Madison Gonzales,nicholasrush@bishop-thomas.info,F,36,Mumbai
C0944,William Hudson,smithmonique@frank.com,F,21,Ahmedabad
C0945,Steven Huynh,ohull@knight-walker.com,F,34,Mumbai
C0946,Richard Nichols,carrdevin@hotmail.com,M,48,Delhi
C0947,William Martinez,sharon12@pope.com,M,24,Delhi
C0948,Devin Monroe,angie73@mullins.org,M,32,Mumbai
C0949,Craig Matthews,eanderson@gmail.com,F,47,Ahmedabad
C0950,Michelle Bennett,brendacarter@villarreal-holt.com,F,26,Mumbai
C0951,Justin Forbes,jessicaruiz@gmail.com,F,36,Ahmedabad
C0952,Anna Rogers,johnsonkimberly@cole.com,F,27,Delhi
C0953,Aaron Woods,lhill@romero.com,F,21,Pune
C0954,Lisa Lewis,julie86@rich.info,M,42,Mumbai
C0955,Miss Angela Webb,connie67@stokes-jackson.info,F,34,Ahmedabad
C0956,Sean Smith,kelleycory@gmail.com,F,36,Mumbai
C0957,James Brown,brianjohnson@parks-small.info,M,57,Bangalore
C0958,Paula Robinson,stephanie52@gmail.com,F,37,Hyd
C0959,Jonathan Melton,kgarcia@hotmail.com,M,51,bengaluru
C0960,Deanna Ortiz,keydebra@gmail.com,F,45,Ahmedabad
C0961,Janet Murray MD,karenfreeman@gmail.com,F,55,Pune
C0962,Megan Scott,ronald43@sims-wright.info,M,25,Pune
C0963,Spencer Jacobs,elizabethchase@gmail.com,F,45,Delhi
C0964,Isaac Montgomery,umoore@simmons-martin.com,F,48,Mumbai
C0965,Johnny Walker,christina82@wilson.com,F,46,bengaluru
C0966,Dawn Thompson,kelly67@bryan.com,M,29,Pune
C0967,Amber Fernandez,ckidd@patton.com,M,38,Pune
C0968,Lisa Hernandez,dwelch@yahoo.com,F,43,Ahmedabad
C0969,Luis Vazquez,john88@moore-jones.com,F,23,bengaluru
C0970,Angelica Hansen,bnash@gmail.com,F,47,Mumbai
C0971,Tracey Taylor,jeremy00@gmail.com,F,60,Pune
C0972,Stephanie Wolfe,mrussell@stephenson.info,F,18,Mumbai
C0973,Melissa Weaver,stokesashley@reynolds.com,F,45,Delhi
C0974,Sarah Gonzalez,bowerscody@yahoo.com,F,52,Pune
C0975,Gregory Munoz,progers@yahoo.com,F,37,Ahmedabad
C0976,Gregory Wilson,dickersontyler@gmail.com,M,58,Mumbai
C0977,Carla Mcneil,sean30@hotmail.com,M,34,Delhi
C0978,Michael Gray,fgarcia@davis.com,M,24,Mumbai
C0979,Cody Atkins,robertdixon@martinez.com,F,53,Mumbai
C0980,Thomas Shepard,kgarcia@chambers.info,F,50,Bangalore
C0981,Mary Hill,christina55@adams-woods.com,M,18,Pune
C0982,Donna Fisher,garciasharon@yahoo.com,F,37,Delhi
C0983,Christian Johnson,mooreevan@yahoo.com,M,56,Ahmedabad
C0984,Janet Evans,james79@yahoo.com,M,42,Bangalore
C0985,Christopher Martin,whitedavid@yahoo.com,F,46,bengaluru
C0986,Melanie Noble,othomas@garcia.net,F,27,Delhi
C0987,Leslie White,cacosta@goodman.com,F,26,hyderbad
C0988,Carolyn Nicholson,umorgan@hotmail.com,F,45,hyderbad
C0989,Victor Hill,acampbell@hotmail.com,F,55,Bangalore
C0990,Dillon Cruz,christophersmith@yahoo.com,M,50,Ahmedabad
C0991,Danny Ayers,mary23@casey.info,F,55,Delhi
C0992,Marcia Moore,stephanie31@anderson.org,M,38,Mumbai
C0993,Lori Williams,youngchristopher@gmail.com,F,35,Bangalore
C0994,Joanne Mitchell,awest@campbell-patterson.com,M,21,Pune
C0995,Manuel Carter,velasqueznatasha@ramos.com,M,22,Hyderabad
C0996,Heather Gardner,amy38@yahoo.com,F,19,Delhi
C0997,Julia Crawford,fitzgeraldashley@hotmail.com,M,47,Mumbai
C0998,Vicki Kennedy,ybrown@kelly-jennings.com,F,60,Delhi
C0999,Thomas Howard,rodneymorales@williams.org,M,47,Delhi
C1000,Glenn Blackwell,emily36@ferguson-shelton.com,M,24,Hyd
C1001,Christopher Ortiz,andersonjessica@gmail.com,F,57,bengaluru
C1002,Adam Larson,wmoore@gmail.com,F,30,Mumbai
C1003,Jeffrey Hess,sabrina59@elliott-brooks.com,F,51,Ahmedabad
C1004,Megan Carter,johnlane@yahoo.com,F,34,Ahmedabad
C1005,Ryan Schultz,tylerholland@williams.com,F,26,Mumbai
C1006,Jennifer Ruiz,jessicabell@gmail.com,M,21,Delhi
C1007,Justin Harvey,christopher44@gmail.com,F,30,Ahmedabad
C1008,Kristen Martin,lwilson@yahoo.com,F,27,Hyd
C1009,Carlos Bishop,smithjames@yahoo.com,F,41,Ahmedabad
C1010,Brian Garner,shawnadavis@thomas.com,M,31,bengaluru
C1011,Casey Mathews,jacquelinegibson@gmail.com,F,40,Ahmedabad
C1012,Heidi Ward,jacquelinemolina@yahoo.com,M,44,Mumbai
C1013,Kayla Andersen,thompsontimothy@hotmail.com,F,40,Ahmedabad
C1014,Alexandra Park,ebarr@little-conner.com,M,33,Mumbai
C1015,Dennis Morales,lmcdaniel@nolan-martin.com,F,23,Delhi
C1016,Emma Chavez,chenmary@ross-gonzalez.com,M,36,Delhi
C1017,Susan Davis,robertspaula@carroll.net,M,49,hyderbad
C1018,Stephanie Baker,dpierce@gmail.com,M,38,Ahmedabad
C1019,Robert Mcgrath PhD,wattsjeremiah@hotmail.com,M,42,Mumbai
C1020,Matthew Gibson,joanna57@hotmail.com,F,53,Ahmedabad
C1021,Laura Anderson,reeveserin@gmail.com,M,52,Bangalore
C1022,David Perry,jacob24@yu.com,M,48,Mumbai
C1023,Gabriel Brooks,regina38@pace.org,F,46,Pune
C1024,Adam Villarreal,castanedaheather@thomas.biz,F,18,Ahmedabad
C1025,Todd Edwards,valentinedebbie@holt-hernandez.net,F,23,Delhi
C1026,David Hanson,bbarnes@meza.com,F,35,Delhi
C1027,Tracy Thomas,maymary@murray-roy.com,M,60,Ahmedabad
C1028,Vanessa Hale,ronald30@simmons.com,F,31,Mumbai
C1029,Kelly Scott,swalsh@hotmail.com,F,46,Bangalore
C1030,Nicole Adkins,jacksonjacob@moses-robinson.com,F,18,Bangalore
C1031,Larry Kent,stonelori@yahoo.com,F,48,Hyderabad
C1032,Nicole Munoz MD,tsellers@yahoo.com,M,50,Delhi
C1033,Anna Nguyen,hayesdiana@mcbride.org,F,54,Hyderabad
C1034,Christopher Martinez,michelebooth@gmail.com,F,54,hyderbad
C1035,Amanda Jones,aarongriffith@fernandez.org,M,55,Hyderabad
C1036,Ronald Black,gwendolynkelley@gmail.com,M,60,Ahmedabad
C1037,John White,yfranco@yahoo.com,F,24,Ahmedabad
C1038,Robert Fletcher,kingjoshua@gmail.com,M,43,Hyd
C1039,Johnny Powell,kathryntaylor@yahoo.com,M,51,Hyd
C1040,Abigail Wilson,reynoldssamantha@yahoo.com,F,34,hyderbad
C1041,Lisa Scott,ajohnson@lewis-elliott.org,F,54,Hyderabad
C1042,Brandon Rodriguez,bowendustin@lyons.com,M,42,Delhi
C1043,Amanda Evans,jessica48@gmail.com,M,53,Mumbai
C1044,Amy Gibson,michealsolomon@hotmail.com,F,30,Bangalore
C1045,Jessica Stafford,nicole66@carpenter.net,M,29,Mumbai
C1046,Bryan Jarvis,masondylan@jones.com,M,20,Hyd
C1047,Dylan Salas,ovelazquez@gmail.com,M,48,Mumbai
C1048,Blake Holland,christine46@hotmail.com,M,22,Mumbai
C1049,George Nelson,katherineoliver@lutz.com,M,58,Ahmedabad
C1050,Victoria Lee,hfisher@ortega.com,M,51,Delhi
C1051,Garrett Dudley,mario68@reed.net,F,46,Mumbai
C1052,Eric Armstrong,cyoung@flynn.net,F,28,Pune
C1053,Mr. John Carroll Jr.,andersoncody@todd.com,M,57,Bangalore
C1054,Amy Khan,ppruitt@gmail.com,M,31,Pune
C1055,Carla Hernandez,ymorrison@clements.com,M,37,hyderbad
C1056,Charles Brown,xnguyen@gmail.com,M,22,Hyd
C1057,Samuel Schroeder,turneranna@gmail.com,F,35,Ahmedabad
C1058,Matthew Hester,nallen@hotmail.com,F,31,Mumbai
C1059,Adam Barnes,zcurry@yahoo.com,M,58,Ahmedabad
C1060,Christopher Taylor,phillipscody@malone-weber.biz,F,20,Mumbai
C1061,Samuel Jordan,joshua07@gmail.com,M,44,Pune
C1062,Desiree Jacobs,solson@davis.com,M,36,Pune
C1063,John Sanchez,lauren60@yahoo.com,M,31,Hyderabad
C1064,Rebecca Flowers,jaclyn10@williams-taylor.com,F,28,Pune
C1065,Tracy Santana,julian11@yahoo.com,F,19,Pune
C1066,Andrea Jones,brooksstephanie@jones-lee.com,M,57,bengaluru
C1067,Patricia Robinson,rodriguezbrian@hotmail.com,M,56,Mumbai
C1068,Michael Smith,george57@ferguson-pearson.com,M,36,hyderbad
C1069,Amanda Gray,ryan64@lee-russell.com,F,37,Delhi
C1070,Bruce Chavez,jenniferstevens@taylor.net,F,48,Mumbai
C1071,Michelle Palmer,westlinda@gmail.com,F,19,Mumbai
C1072,Zachary Bowers,fcollins@bryan-silva.com,M,45,Mumbai
C1073,Lisa Sanders,stevenmorales@hart.info,M,24,hyderbad
C1074,Joseph Carney,dixonbrenda@hotmail.com,M,60,Ahmedabad
C1075,Crystal Ferguson,benjamin57@hotmail.com,F,26,bengaluru
C1076,James Keller,qcollins@yahoo.com,M,27,bengaluru
C1077,Taylor Martin,hmcneil@ruiz.com,M,60,bengaluru
C1078,Joshua Roberts,hromero@gmail.com,F,19,Pune
C1079,Charles Warner,veronica34@yahoo.com,F,58,Pune
C1080,Debra Gibson,vhicks@hendrix-ford.com,M,18,Ahmedabad
C1081,Jeff Gordon,shawnfloyd@shelton.com,M,33,Delhi
C1082,Jesus Swanson,jessica62@nunez-newton.com,M,42,Ahmedabad
C1083,David Hodges,barkervictor@ramos.com,M,60,Mumbai
C1084,Daniel Mills,wlowe@gmail.com,M,51,Delhi
C1085,Frank Garcia MD,dunnbrenda@dunlap.com,F,50,Ahmedabad
C1086,Steven Gutierrez,danny02@gmail.com,F,37,Hyderabad
C1087,Amy Ramsey,nicholas36@palmer.com,F,43,Pune
C1088,Kimberly Morgan,dgillespie@yahoo.com,F,53,Bangalore
C1089,Matthew Mcgee,michaelrivera@moore-roach.com,M,27,Mumbai
C1090,Monica Jackson,patrick58@hotmail.com,F,28,Hyd
C1091,Richard Chandler,michelle69@gmail.com,M,51,Delhi
C1092,Ricardo Jordan,lnelson@hotmail.com,F,46,Delhi
C1093,Ashley Nielsen,ohughes@gmail.com,F,35,Delhi
C1094,Stephen Lynn,obrienjacob@weaver.com,M,18,Mumbai
C1095,Mr. Anthony Williams MD,kim01@gmail.com,F,48,Mumbai
C1096,Heather Zimmerman,reneelee@hotmail.com,F,58,Bangalore
C1097,Amy Cook,tanner98@perez.biz,M,18,Bangalore
C1098,Courtney Brown,megantucker@hebert.com,M,21,Mumbai
C1099,Willie Barron,reynoldslaurie@hotmail.com,M,18,Pune
C1100,Dr. Joseph Guzman MD,kelleydavid@fox-snow.biz,M,47,Ahmedabad
C1101,Amy Parker,sweeneyemily@hotmail.com,F,33,Delhi
C1102,Justin Dougherty,lindsayharper@gmail.com,F,22,Ahmedabad
C1103,Luis Turner,tfreeman@hotmail.com,F,52,Hyd
C1104,Cindy Marsh,cheryl49@ward-quinn.com,F,27,Ahmedabad
C1105,Eduardo Hardy,gillricardo@bishop.com,M,48,hyderbad
C1106,Brandon Mccormick,mitchellgeorge@hotmail.com,M,47,Mumbai
C1107,Brenda Graham,austin63@watkins-serrano.net,F,58,Delhi
C1108,Rhonda Patterson,cglass@yahoo.com,F,37,Hyd
C1109,Cassandra Wright,wnguyen@johnson.com,M,57,Mumbai
C1110,Andre Jefferson,millerdiana@gmail.com,M,26,Pune
C1111,Chelsey Morales DVM,markwatts@davis-wells.info,F,19,Mumbai
C1112,Jennifer Ayala,wbennett@deleon.com,M,50,Delhi
C1113,Lisa Gomez,dylanmcdowell@yahoo.com,F,46,Pune
C1114,Michael Dillon,sphillips@hotmail.com,M,28,Delhi
C1115,Thomas Robertson,vsteele@adams-watkins.org,M,57,Mumbai
C1116,Colleen Wallace,alyssa47@hotmail.com,M,51,Ahmedabad
C1117,Jordan Hamilton,samuel35@hotmail.com,M,22,Ahmedabad
C1118,Kevin Flores,ecook@gomez.net,F,43,Delhi
C1119,Jacob Morris,ccook@nguyen-beltran.biz,F,19,bengaluru
C1120,Mikayla Smith,jody85@howell.com,M,58,bengaluru
C1121,Angela Wheeler,dduncan@gmail.com,M,18,hyderbad
C1122,Kristen Gutierrez,jessica45@gmail.com,M,32,Bangalore
C1123,Michael Kennedy,chad59@gonzales-lucas.biz,F,21,Delhi
C1124,Andrea Ryan,zdodson@hotmail.com,F,20,Delhi
C1125,Stephanie Mccormick,kendrawade@harris.com,F,58,Mumbai
C1126,Jennifer Rich,zmiddleton@nguyen-bell.com,F,50,Hyderabad
C1127,George Bonilla,rogerskevin@hotmail.com,F,34,Ahmedabad
C1128,Laurie Stephens,kenneth26@miller.com,M,45,Delhi
C1129,Randall Chapman,perezmaria@hotmail.com,F,41,Bangalore
C1130,Tammy Jennings,kimberlyhamilton@price-gilmore.biz,M,26,Hyderabad
C1131,Amanda Williams,xmendez@yahoo.com,M,44,Pune
C1132,Michael Logan,jerryperez@yahoo.com,F,55,Pune
C1133,James Gilbert,troy71@osborne-lowery.com,F,51,Mumbai
C1134,Cynthia Hopkins,cdavis@gmail.com,F,30,Pune
C1135,Sandra Simmons,jameswilson@clark-peck.biz,F,30,Bangalore
C1136,Lori Bush,stephengutierrez@gmail.com,M,38,Delhi
C1137,Sarah Ortiz,joshuajohnson@salinas.net,F,30,Hyderabad
C1138,Sheila Miller,angela80@hernandez.com,M,53,Pune
C1139,Sara Dillon,riggsnatalie@gmail.com,M,35,Delhi
C1140,Nancy Wood,tclark@garrett.org,M,53,Ahmedabad
C1141,Annette Campbell,sarahking@gmail.com,F,52,Mumbai
C1142,Cheryl Roberts,karenhayes@hicks.info,M,31,Delhi
C1143,Darlene Cervantes,ruizsamantha@arroyo.com,M,48,bengaluru
C1144,Emily Chambers,martinezbrianna@hotmail.com,M,38,bengaluru
C1145,Jacob Curry,brookearnold@farley.com,M,53,Ahmedabad
C1146,Sandra Fernandez,valerie16@yahoo.com,M,53,Pune
C1147,Billy Smith,cainmarc@lucas-owens.com,F,43,Mumbai
C1148,Douglas Rhodes,ruizbrittany@yahoo.com,M,44,Ahmedabad
C1149,Paul Kennedy,wdixon@yahoo.com,M,53,Hyd
C1150,James Spencer,julie38@hotmail.com,M,51,Ahmedabad
C1151,John Mora Jr.,cestes@hotmail.com,F,23,Delhi
C1152,Kayla Mclaughlin,wilsonjames@gmail.com,F,48,Pune
C1153,Kayla Marshall MD,mathewsjames@hotmail.com,M,37,Ahmedabad
C1154,Heather Mitchell,pricekimberly@yahoo.com,F,47,Ahmedabad
C1155,Veronica Everett,bhood@hotmail.com,M,58,Pune
C1156,Samuel Mitchell,sfoster@hotmail.com,M,18,Bangalore
C1157,Lisa Saunders,smithjulie@hotmail.com,M,18,Ahmedabad
C1158,Veronica Long,fordkevin@hernandez-huang.com,M,50,Mumbai
C1159,Donna Mendoza,kathrynhartman@taylor.org,F,34,Mumbai
C1160,Dennis Harris,vtaylor@hotmail.com,M,30,Mumbai
C1161,Angela Warren,eric39@jackson.com,F,37,Pune
C1162,Jeremy Phillips,burkejeremy@morris-hutchinson.biz,M,39,Mumbai
C1163,Karen Patterson,christine58@hotmail.com,M,48,Ahmedabad
C1164,Kristen Barnes,aliciajackson@shannon.com,M,43,Mumbai
C1165,Bobby Brock,andersonrachel@hotmail.com,F,46,Delhi
C1166,Jeffrey Lewis,harrischristopher@anderson.com,F,60,Pune
C1167,Deborah Gordon,jacksonlori@gmail.com,F,50,Mumbai
C1168,Heather Taylor,pcooper@cooper.com,F,40,Mumbai
C1169,Brian Kim,weisswilliam@hotmail.com,M,22,Ahmedabad
C1170,Wendy Rodriguez,roliver@thomas-jordan.biz,F,41,Ahmedabad
C1171,Jade Dawson,kathycurtis@scott.com,M,26,Delhi
C1172,Crystal Mcneil,johnmcdonald@yahoo.com,F,44,Delhi
C1173,Matthew Gross,rogerskaren@jones.com,F,50,Delhi
C1174,Dennis Brown,timothyfrench@combs.com,M,35,Mumbai
C1175,Stephanie Williams,vpowell@hotmail.com,M,52,Bangalore
C1176,Paul Estrada,lharris@yahoo.com,F,50,Hyd
C1177,Michelle Anderson,raymond65@gmail.com,M,45,Hyd
C1178,Steven Kelly,zpotter@yahoo.com,M,51,Ahmedabad
C1179,Matthew Hicks,sibarra@smith.net,F,44,bengaluru
C1180,Natalie Adams,lisaherman@shepard-miller.biz,M,48,Hyd
C1181,Jacob Kline,joseph25@taylor.com,F,40,Delhi
C1182,David Brown,robin52@campbell-sosa.com,M,22,Mumbai
C1183,Kristopher Gregory,rachelsolomon@yahoo.com,F,44,Hyd
C1184,Barry Ali,natalie89@craig.com,F,54,Bangalore
C1185,Kenneth Bryant,jesseaustin@anderson.net,F,27,Hyderabad
C1186,Lindsey Walker,nhawkins@meyer-garza.com,M,22,Pune
C1187,Joel Wright,ymartin@yahoo.com,F,45,Delhi
C1188,Judith Graves,solislaurie@cardenas.com,M,51,Delhi
C1189,Shannon White,makayla10@yahoo.com,F,29,Ahmedabad
C1190,Ronnie Perry,samanthaphillips@hotmail.com,F,56,Delhi
C1191,Courtney Wright,adamsmichael@hotmail.com,M,21,Delhi
C1192,Martin Alvarez,cunninghamjames@christian.com,F,44,Mumbai
C1193,Jennifer Sullivan,cbrown@hotmail.com,M,19,Pune
C1194,Amanda Hester,stephanie46@clark.com,M,21,hyderbad
C1195,Jasmine Torres,david62@yahoo.com,M,50,Ahmedabad
C1196,John Melton,osmith@baker.com,M,59,hyderbad
C1197,Brandon Rojas,fbuchanan@king-pham.com,F,20,hyderbad
C1198,Michael Mccormick,abradley@hotmail.com,M,60,Ahmedabad
C1199,Raymond Hernandez,johnny18@gmail.com,F,50,Pune
C1200,Kristine Anderson,ericmalone@bowen-rice.com,F,47,Hyderabad
